id,fighter
0,Sodiq Yusuff
1,Edson Barboza
2,Jennifer Maia
3,Viviane Araujo
4,Jonathan Martinez
5,Adrian Yanez
6,Andre Petroski
7,Michel Pereira
8,Christian Rodriguez
9,Cameron Saaiman
10,Darren Elkins
11,TJ Brown
12,Tainara Lisboa
13,Ravena Oliveira
14,Terrance McKinney
15,Brendon Marotte
16,Irina Alekseeva
17,Melissa Dixon
18,Chris Gutierrez
19,Alatengheili
20,Ashley Yoder
21,Emily Ducote
22,Grant Dawson
23,Bobby Green
24,Joe Pyfer
25,Abdul Razak Alhassan
26,Alex Morono
27,Joaquin Buckley
28,Drew Dober
29,Ricky Glenn
30,Alexander Hernandez
31,Bill Algeo
32,Karolina Kowalkiewicz
33,Diana Belbita
34,Nate Maness
35,Mateus Mendonca
36,Vanessa Demopoulos
37,Kanako Murata
38,Aoriqileng
39,Johnny Munoz
40,Montana De La Rosa
41,JJ Aldrich
42,Rafael Fiziev
43,Mateusz Gamrot
44,Bryce Mitchell
45,Dan Ige
46,Marina Rodriguez
47,Michelle Waterson-Gomez
48,Bryan Battle
49,AJ Fletcher
50,Ricardo Ramos
51,Charles Jourdain
52,Dan Argueta
53,Miles Johns
54,Tim Means
55,Andre Fialho
56,Jacob Malkoun
57,Cody Brundage
58,Mohammed Usman
59,Jake Collier
60,Mizuki
61,Hannah Goldy
62,Tamires Vidal
63,Montserrat Rendon
64,Alexa Grasso
65,Valentina Shevchenko
66,Kevin Holland
67,Jack Della Maddalena
68,Raul Rosas Jr.
69,Terrence Mitchell
70,Daniel Zellhuber
71,Christos Giagos
72,Fernando Padilla
73,Kyle Nelson
74,Loopy Godinez
75,Elise Reed
76,Roman Kopylov
77,Josh Fremd
78,Edgar Chairez
79,Daniel Lacerda
80,Tracy Cortez
81,Jasmine Jasudavicius
82,Alex Reyes
83,Charlie Campbell
84,Josefine Knutsson
85,Marnic Mann
86,Israel Adesanya
87,Sean Strickland
88,Tai Tuivasa
89,Alexander Volkov
90,Manel Kape
91,Felipe dos Santos
92,Justin Tafa
93,Austen Lane
94,Tyson Pedro
95,Anton Turkalj
96,Carlos Ulberg
97,Da Woon Jung
98,Jack Jenkins
99,Chepe Mariscal
100,Jamie Mullarkey
101,John Makdessi
102,Nasrat Haqparast
103,Landon Quinones
104,Blood Diamond
105,Charles Radtke
106,Shane Young
107,Gabriel Miranda
108,Kevin Jousset
109,Kiefer Crosbie
110,Ciryl Gane
111,Serghei Spivac
112,Manon Fiorot
113,Rose Namajunas
114,Benoit Saint Denis
115,Thiago Moises
116,Volkan Oezdemir
117,Bogdan Guskov
118,William Gomis
119,Yanis Ghemmouri
120,Morgan Charriere
121,Manolo Zecchini
122,Taylor Lapilus
123,Caolan Loughran
124,Ange Loosa
125,Rhys McKee
126,Nora Cornolle
127,Joselyne Edwards
128,Farid Basharat
129,Kleydson Rodrigues
130,Zarah Fairn
131,Jacqueline Cavalcanti
132,Max Holloway
133,Chan Sung Jung
134,Anthony Smith
135,Ryan Spann
136,Giga Chikadze
137,Alex Caceres
138,Rinya Nakamura
139,Fernie Garcia
140,Erin Blanchfield
141,Taila Santos
142,Junior Tafa
143,Parker Porter
144,Waldo Cortes-Acosta
145,Lukasz Brzeski
146,Toshiomi Kazama
147,Garrett Armfield
148,Chidi Njokuani
149,Michal Oleksiejczuk
150,Song Kenan
151,Rolando Bedoya
152,Billy Goff
153,Yusaku Kinoshita
154,Liang Na
155,SeungWoo Choi
156,Jarno Errens
157,Aljamain Sterling
158,Sean O'Malley
159,Zhang Weili
160,Amanda Lemos
161,Neil Magny
162,Ian Garry
163,Da'Mon Blackshear
164,Mario Bautista
165,Marlon Vera
166,Pedro Munhoz
167,Chris Weidman
168,Brad Tavares
169,Gregory Rodrigues
170,Denis Tiuliulin
171,Kurt Holobaugh
172,Austin Hubbard
173,Brad Katona
174,Cody Gibson
175,Gerald Meerschaert
176,Andrea Lee
177,Natalia Silva
178,Karine Silva
179,Maryna Moroz
180,Vicente Luque
181,Rafael Dos Anjos
182,Cub Swanson
183,Hakeem Dawodu
184,Khalil Rountree Jr.
185,Chris Daukaus
186,Polyana Viana
187,Iasmin Lucindo
188,AJ Dobson
189,Tafon Nchukwi
190,Jamie Pickett
191,JP Buys
192,Marcus McGhee
193,Mike Breeden
194,Francis Marshall
195,Isaac Dulgarian
196,Josh Parisian
197,Martin Buday
198,Jaqueline Amorim
199,Montserrat Conejo Ruiz
200,Jose Johnson
201,Juliana Miller
202,Luana Santos
203,Cory Sandhagen
204,Rob Font
205,Jessica Andrade
206,Tatiana Suarez
207,Dustin Jacoby
208,Kennedy Nzechukwu
209,Diego Lopes
210,Gavin Tucker
211,Tanner Boser
212,Aleksa Camur
213,Ignacio Bahamondes
214,Ludovit Klein
215,Kyler Phillips
216,Raoni Barcelos
217,Jeremiah Wells
218,Carlston Harris
219,Billy Quarantillo
220,Damon Jackson
221,Cody Durden
222,Jake Hadley
223,Sean Woodson
224,Dennis Buzukja
225,Ode Osbourne
226,Assu Almabayev
227,Dustin Poirier
228,Justin Gaethje
229,Jan Blachowicz
230,Alex Pereira
231,Derrick Lewis
232,Marcos Rogerio de Lima
233,Tony Ferguson
234,Michael Chiesa
235,Gabriel Bonfim
236,Trevin Giles
237,CJ Vergara
238,Vinicius Salvador
239,Claudio Ribeiro
240,Jake Matthews
241,Darrius Flowers
242,Matthew Semelsberger
243,Uros Medic
244,Miranda Maverick
245,Priscila Cachoeira
246,Tom Aspinall
247,Marcin Tybura
248,Molly McCann
249,Julija Stoliarenko
250,Nathaniel Wood
251,Andre Fili
252,Paul Craig
253,Andre Muniz
254,Jai Herbert
255,Fares Ziam
256,Lerone Murphy
257,Josh Culibao
258,Davey Grant
259,Daniel Marcos
260,Danny Roberts
261,Jonny Parsons
262,Marc Diakiese
263,Joel Alvarez
264,Mick Parkin
265,Jamal Pogues
266,Makhmud Muradov
267,Bryan Barberena
268,Ketlen Vieira
269,Pannie Kianzad
270,Chris Duncan
271,Yanal Ashmouz
272,Shauna Bannon
273,Bruna Brasil
274,Jafel Filho
275,Daniel Barez
276,Holly Holm
277,Mayra Bueno Silva
278,Bassil Hafez
279,Ottman Azaitar
280,Francisco Prado
281,Albert Duraev
282,JunYong Park
283,Norma Dumont
284,Chelsea Chandler
285,Nazim Sadykhov
286,Tucker Lutz
287,Melsik Baghdasaryan
288,Viktoriia Dudakova
289,Istela Nunes
290,Austin Lingo
291,Melquizael Costa
292,Evan Elder
293,Genaro Valdez
294,Tyson Nam
295,Azat Maksum
296,Alexander Munoz
297,Carl Deaton
298,Ashlee Evans-Smith
299,Ailin Perez
300,Alexander Volkanovski
301,Yair Rodriguez
302,Brandon Moreno
303,Alexandre Pantoja
304,Robert Whittaker
305,Dricus Du Plessis
306,Jalin Turner
307,Dan Hooker
308,Bo Nickal
309,Val Woodburn
310,Robbie Lawler
311,Niko Price
312,Tatsuro Taira
313,Yazmin Jauregui
314,Denise Gomes
315,Jimmy Crute
316,Alonzo Menifield
317,Vitor Petrino
318,Marcin Prachnio
319,Shannon Ross
320,Jesus Aguilar
321,Kamuela Kirk
322,Esteban Ribovics
323,Abus Magomedov
324,Damir Ismagulov
325,Max Griffin
326,Michael Morales
327,Ariane Lipski
328,Melissa Gatto
329,Ismael Bonfim
330,Brunno Ferreira
331,Nursulton Ruziboev
332,Kevin Lee
333,Rinat Fakhretdinov
334,Joanderson Brito
335,Westin Wilson
336,Yana Santos
337,Karol Rosa
338,Guram Kutateladze
339,Elves Brener
340,Ivana Petrovic
341,Luana Carolina
342,Alexandr Romanov
343,Blagoy Ivanov
344,Josh Emmett
345,Ilia Topuria
346,Amanda Ribas
347,Maycee Barber
348,David Onama
349,Gabriel Santos
350,Brendan Allen
351,Bruno Silva
352,Phil Rowe
353,Randy Brown
354,Wellington Turman
355,Mateusz Rebecki
356,Loik Radzhabov
357,Tabatha Ricci
358,Gillian Robertson
359,Zhalgas Zhumagulov
360,Joshua Van
361,Trevor Peek
362,Jamall Emmers
363,Sedriques Dumas
364,Marvin Vettori
365,Jared Cannonier
366,Arman Tsarukyan
367,Joaquim Silva
368,Armen Petrosyan
369,Christian Leroy Duncan
370,Pat Sabatini
371,Lucas Almeida
372,Manuel Torres
373,Nikolas Motta
374,Nicolas Dalby
375,Muslim Salikhov
376,Jimmy Flick
377,Alessandro Costa
378,Kyung Ho Kang
379,Cristian Quinonez
380,Carlos Hernandez
381,Denys Bondar
382,Tereza Bleda
383,Gabriella Fernandes
384,Ronnie Lawrence
385,Zac Pauga
386,Modestas Bukauskas
387,Amanda Nunes
388,Irene Aldana
389,Charles Oliveira
390,Beneil Dariush
391,Mike Malott
392,Adam Fugitt
393,Nate Landwehr
394,Marc-Andre Barriault
395,Eryk Anders
396,Nassourdine Imavov
397,Chris Curtis
398,Aiemann Zahabi
399,Blake Bilder
400,David Dvorak
401,Steve Erceg
402,Maria Oliveira
403,Kai Kara-France
404,Amir Albazi
405,Daniel Pineda
406,Jim Miller
407,Jesse Butler
408,Tim Elliott
409,Victor Altamirano
410,Ketlen Souza
411,Abubakar Nurmagomedov
412,Elizeu Zaleski dos Santos
413,Daniel Santos
414,Andrei Arlovski
415,Don'Tale Mayes
416,John Castaneda
417,Muin Gafurov
418,Muhammad Naimov
419,Jinh Yu Frey
420,Luan Lacerda
421,Philipe Lins
422,Maxim Grishin
423,Mackenzie Dern
424,Angela Hill
425,Edmen Shahbazyan
426,Anthony Hernandez
427,Diego Ferreira
428,Michael Johnson
429,Maheshate
430,Viacheslav Borshchev
431,Orion Cosce
432,Gilbert Urbina
433,Ilir Latifi
434,Rodrigo Nascimento
435,Chase Hooper
436,Nick Fiore
437,Victoria Leonardo
438,Takashi Sato
439,Themba Gorimbo
440,Jairzinho Rozenstruik
441,Jailton Almeida
442,Johnny Walker
443,Daniel Rodriguez
444,Ihor Potieria
445,Matt Brown
446,Court McGee
447,Karl Williams
448,Chase Sherman
449,Cody Stamann
450,Douglas Silva de Andrade
451,Ji Yeon Kim
452,Mandy Bohm
453,Gabe Green
454,Jessica-Rose Clark
455,Henry Cejudo
456,Belal Muhammad
457,Gilbert Burns
458,Yan Xiaonan
459,Movsar Evloev
460,Kron Gracie
461,Matt Frevola
462,Devin Clark
463,Khaos Williams
464,Virna Jandiroba
465,Braxton Smith
466,Phil Hawes
467,Ikram Aliskerov
468,Joseph Holmes
469,Song Yadong
470,Ricky Simon
471,Caio Borralho
472,Rodolfo Vieira
473,Julian Erosa
474,Josh Quinlan
475,Trey Waters
476,Charles Johnson
477,Stephanie Egger
478,Journey Newson
479,Hailey Cowan
480,Jamey-Lyn Horth
481,Sergei Pavlovich
482,Curtis Blaydes
483,Jared Gordon
484,Brogan Walker
485,Rani Yahya
486,Montel Jackson
487,Brady Hiestand
488,Batgerel Danaa
489,Arnold Allen
490,Azamat Murzakanov
491,Ion Cutelaba
492,Clay Guida
493,Rafa Garcia
494,Brandon Royval
495,Matheus Nicolau
496,Zak Cummings
497,Ed Herman
498,Piera Rodriguez
499,Lando Vannata
500,Aaron Phillips
501,Gaston Bolanos
502,Lucie Pudilova
503,Jorge Masvidal
504,Santiago Ponzinibbio
505,Kelvin Gastelum
506,Luana Pinheiro
507,Cynthia Calvillo
508,Trey Ogden
509,Shayilan Nuerdanbieke
510,Steve Garcia
511,Sam Hughes
512,Steven Peterson
513,Lucas Alexander
514,Preston Parsons
515,Leon Edwards
516,Kamaru Usman
517,Gunnar Nelson
518,Casey O'Neill
519,Roman Dolidze
520,Jack Shore
521,Makwan Amirkhani
522,Omar Morales
523,Sam Patterson
524,Muhammad Mokaev
525,Christian Duncan
526,Dusko Todorovic
527,Malcolm Gordon
528,Joanne Wood
529,Veronica Hardy
530,Petr Yan
531,Merab Dvalishvili
532,Nikita Krylov
533,Said Nurmagomedov
534,Guido Cannetti
535,Raphael Assuncao
536,Victor Henry
537,Tony Gravely
538,Jared Gooden
539,Jon Jones
540,Geoff Neal
541,Shavkat Rakhmonov
542,Cody Garbrandt
543,Trevin Jones
544,Derek Brunson
545,Julian Marquez
546,Mana Martinez
547,Jessica Penne
548,Augusto Sakai
549,Yohan Lainesse
550,Erick Gonzalez
551,Jordan Leavitt
552,Victor Martinez
553,Joe Solecki
554,Rafael Alves
555,Nurullo Aliev
556,Jordan Wright
557,William Knight
558,Lina Lansberg
559,Khusein Askhabov
560,Ovince Saint Preux
561,Clayton Carpenter
562,Juancamilo Ronderos
563,Islam Makhachev
564,Don Shainis
565,Loma Lookboonmee
566,Zubaira Tukhugov
567,Dooho Choi
568,Jeka Saragih
569,Anshul Jubli
570,JeongYeong Lee
571,Yi Zha
572,SeungGuk Choi
573,HyunSung Park
574,Glover Teixeira
575,Jamahal Hill
576,Deiveson Figueiredo
577,Lauren Murphy
578,Mauricio Rua
579,Mounir Lazzez
580,Shamil Abdurakhimov
581,Warlley Alves
582,Josiane Nunes
583,Saimon Oliveira
584,Punahele Soriano
585,Raquel Pennington
586,Umar Nurmagomedov
587,Javid Basharat
588,Allan Nascimento
589,Nick Aguirre
590,Cheyanne Vlismas
591,Cory McKenna
592,Saidyokub Kakhramonov
593,Sergey Morozov
594,Magomed Ankalaev
595,Paddy Pimblett
596,Darren Till
597,Jay Perrin
598,Dalcha Lungiambula
599,Erik Silva
600,Steven Koslow
601,Stephen Thompson
602,Matt Schnell
603,Jack Hermansson
604,Kyle Daukaus
605,Scott Holtzman
606,Jonathan Pearce
607,Natan Levy
608,Marcelo Rojo
609,Vince Morales
610,Ricky Turcios
611,Kevin Natividad
612,Carla Esparza
613,Michael Chandler
614,Frankie Edgar
615,Claudio Puelles
616,Brad Riddell
617,Renato Moicano
618,Dominick Reyes
619,Silvana Gomez Juarez
620,Michael Trizano
621,Julio Arce
622,Nicolae Negumereanu
623,Darrick Minner
624,Tagir Ulanbekov
625,Mark Madsen
626,Shanna Young
627,Benito Lopez
628,Liudvik Sholinian
629,Carlos Candelario
630,Ramona Pascual
631,Calvin Kattar
632,Jared Vanderaa
633,Tresean Gore
634,Junyong Park
635,Carlos Mota
636,Joshua Weems
637,TJ Dillashaw
638,Katlyn Chookagian
639,Sean Brady
640,Gadzhi Omargadzhiev
641,Misha Cirkunov
642,Brandon Davis
643,Nick Maximov
644,Mike Jackson
645,Pete Rodriguez
646,Francisco Trinaldo
647,Mike Davis
648,Aleksei Oleinik
649,Jesse Ronson
650,Krzysztof Jotko
651,Randy Costa
652,Alen Amedovski
653,Louis Cosce
654,Mariya Agapova
655,Cameron VanCamp
656,Nate Diaz
657,Khamzat Chimaev
658,Li Jingliang
659,Macy Chiasson
660,Chris Barnett
661,Danyelle Wolf
662,Chad Anheliger
663,Melissa Martinez
664,Darian Weeks
665,Alessio Di Chirico
666,Dustin Stoltzfus
667,Michal Figlak
668,Khalid Taha
669,Paulo Costa
670,Luke Rockhold
671,Jose Aldo
672,Wu Yanan
673,Harry Hunsucker
674,Leonardo Santos
675,Luis Saldana
676,Francisco Figueiredo
677,Daniel Da Silva
678,Dominick Cruz
679,Nina Nunes
680,Gabriel Benitez
681,Charlie Ontiveros
682,Jason Witt
683,Youssef Zalal
684,Thiago Santos
685,Sam Alvey
686,Miranda Granger
687,Julianna Pena
688,Alex Perez
689,Hamdy Abdelwahab
690,Drakkar Klose
691,Alexander Gustafsson
692,Mason Jones
693,Damir Hadzovic
694,Charles Rosa
695,Claudio Silva
696,Brian Ortega
697,Sumudaerji
698,Shane Burgos
699,Miesha Tate
700,Herbert Burns
701,Da-Un Jung
702,Dwight Grant
703,Antonina Shevchenko
704,Cortney Casey
705,Karl Roberson
706,Donald Cerrone
707,Uriah Hall
708,Jessica Eye
709,Alan Baudot
710,Raulian Paiva
711,Brian Kelleher
712,Tony Kelley
713,Danny Chavez
714,Gloria de Paula
715,Eddie Wineland
716,Deron Winn
717,Jiri Prochazka
718,Joanna Jedrzejczyk
719,Ramazan Emeev
720,Poliana Botelho
721,Zarrukh Adashev
722,Askar Mozharov
723,Felice Herrig
724,Alex Da Silva
725,Niklas Stolze
726,Jeff Molina
727,Andreas Michailidis
728,Felipe Colares
729,Aleksandar Rakic
730,Louis Smolka
731,Frank Camacho
732,Alan Patrick
733,Ariane Carnelossi
734,Tristan Connelly
735,Gina Mazany
736,Sergey Khandozhko
737,Ike Villanueva
738,Cameron Else
739,Dean Barry
740,Miguel Baeza
741,TJ Laramie
742,Brandon Jenkins
743,Kevin Croom
744,Tecia Torres
745,Vinc Pichel
746,Aspen Ladd
747,Mickey Gall
748,Kay Hansen
749,Askar Askarov
750,Sara McMann
751,Aliaskhab Khizriev
752,Bruno Souza
753,Kazula Vargas
754,Mike Grundy
755,Timur Valiev
756,Marlon Moraes
757,Sabina Mazo
758,Kris Moutinho
759,Colby Covington
760,Alex Oliveira
761,Greg Hardy
762,Devonte Smith
763,Rong Zhu
764,Alejandro Perez
765,Ramiz Brahimaj
766,Micheal Gillmore
767,Chas Skelly
768,Mark Striegl
769,Jesse Strader
770,Roxanne Modafferi
771,Fabio Cherant
772,Alexis Davis
773,Danilo Marques
774,Francis Ngannou
775,Rogerio Bontorin
776,Dakota Bush
777,Sijara Eubanks
778,Andre Ewell
779,Matt Sayles
780,Ryan Hall
781,Maki Pitolo
782,Mallory Martin
783,Chris Gruetzemacher
784,Sean Soriano
785,Ben Rothwell
786,Felicia Spencer
787,Leah Letson
788,Collin Anglin
789,Liana Jojua
790,Al Iaquinta
791,Jordan Williams
792,Gian Villante
793,John Allan
794,Shamil Gamzatov
795,Hu Yaozong
796,Laureano Staropoli
797,Khama Worthy
798,Livinha Souza
799,Randa Markos
800,Zviad Lazishvili
801,Carlos Felipe
802,Andrew Sanchez
803,Danaa Batgerel
804,Bethe Correia
805,Gaetano Pirrello
806,Johnny Eduardo
807,Nick Diaz
808,Martin Sano
809,Antonio Arroyo
810,Mike Rodriguez
811,Sarah Alpar
812,Impa Kasanganay
813,Gustavo Lopez
814,Emily Whitmire
815,David Zawada
816,Luigi Vendramini
817,Darren Stewart
818,Domingo Pilarte
819,Bea Malecki
820,Roosevelt Roberts
821,Sasha Palatnikov
822,Casey Kenney
823,Drako Rodriguez
824,Anderson Dos Santos
825,Jamey Simmons
826,Cheyanne Buys
827,Kai Kamaka
828,Ryan Benoit
829,Ian Heinisch
830,Marion Reneau
831,Jeremy Stephens
832,Montserrat Conejo
833,Conor McGregor
834,Yana Kunitskaya
835,Carlos Condit
836,Omari Akhmedov
837,Jerome Rivera
838,Michel Prazeres
839,Julia Avila
840,Justin Jaynes
841,Yancy Medeiros
842,Dhiego Lima
843,Roque Martinez
844,Lara Procopio
845,Demian Maia
846,Joanne Calderwood
847,Walt Harris
848,Victor Rodriguez
849,Jacare Souza
850,Kevin Aguilar
851,Michelle Waterson
852,Maurice Greene
853,Gregor Gillespie
854,Christian Aguilera
855,KB Bhullar
856,Luke Sanders
857,Stefan Sekulic
858,Aori Qileng
859,Na Liang
860,Justine Kish
861,Luis Pena
862,Juan Espino
863,Bartosz Fabinski
864,Anthony Birchak
865,Mike Perry
866,Yorgan De Castro
867,Jarjis Danho
868,Hunter Azure
869,Jordan Griffin
870,Stipe Miocic
871,Tyron Woodley
872,Thomas Almeida
873,Abu Azaitar
874,Ray Rodriguez
875,Megan Anderson
876,Yadong Song
877,Joseph Benavidez
878,Jordan Espinosa
879,Aalon Cruz
880,Jimmie Rivera
881,Vince Cachero
882,Shana Dobson
883,Philip Rowe
884,Alistair Overeem
885,Martin Day
886,Antonio Carlos Junior
887,Nik Lentz
888,Vinicius Moreira
889,Tom Breese
890,Su Mudaerji
891,Markus Perez
892,Sarah Moras
893,Vanessa Melo
894,Jacob Kilburn
895,Anthony Pettis
896,Carlton Minus
897,Junior Dos Santos
898,Peter Barrett
899,Jose Quinonez
900,Matt Wiman
901,Spike Carlyle
902,Rachael Ostovich
903,Alan Jouban
904,Paul Felder
905,Geraldo de Freitas
906,Eduardo Garagorri
907,Claudia Gadelha
908,Bevon Lewis
909,Anderson Silva
910,Jack Marshman
911,Cole Williams
912,Justin Ledet
913,Khabib Nurmagomedov
914,Phillip Hawes
915,Liliya Shakirova
916,Stefan Struve
917,Alexander Yakovlev
918,James Krause
919,John Phillips
920,Gadzhimurad Antigulov
921,Ali AlQaisi
922,Germaine de Randamie
923,Dequan Townsend
924,Heili Alateng
925,Jessin Ayari
926,Diego Sanchez
927,Jeff Hughes
928,Khadis Ibragimov
929,Mirsad Bektic
930,Mara Romero Borella
931,Irwin Rivera
932,Brok Weaver
933,Anthony Ivy
934,Zelim Imadaev
935,Cole Smith
936,Ricardo Lamas
937,Austin Springer
938,Hannah Cifers
939,Mizuki Inoue
940,Daniel Cormier
941,John Dodson
942,Frankie Saenz
943,Rogerio Nogueira
944,Fabricio Werdum
945,Peter Sobotta
946,Raphael Pessoa
947,Nad Narimani
948,Joe Duffy
949,Brett Johns
950,Davi Ramos
951,Chris Fishgold
952,Paige VanZant
953,Danny Henry
954,Roman Bogatov
955,Lyman Good
956,Brianna Van Buren
957,Oskar Piechota
958,Max Rohskopf
959,Mark De La Rosa
960,Anthony Rocco Martin
961,Charles Byrd
962,Jussier Formiga
963,Evan Dunham
964,Klidson Abreu
965,Ray Borg
966,Aleksei Kunchenko
967,Enrique Barzola
968,Veronica Macedo
969,Yoel Romero
970,Weili Zhang
971,Jingliang Li
972,Saparbeg Safarov
973,Gabriel Silva
974,Ismail Naurdiev
975,Xiaonan Yan
976,Ben Sosoli
977,Magomed Mustafaev
978,Emil Meek
979,Callan Potter
980,Kenan Song
981,Corey Anderson
982,Juan Adams
983,Darko Stosic
984,Liu Pingyuan
985,Suman Mokhtarian
986,Dong Hyun Ma
987,Urijah Faber
988,Ben Saunders
989,Daniel Teymur
990,Thiago Alves
991,Trevor Smith
992,Sergio Moraes
993,Renan Barao
994,Isabela de Padua
995,Zabit Magomedsharipov
996,Rustam Khabilov
997,Grigorii Popov
998,Chance Rencountre
999,Alex White
1000,Alexandra Albu
1001,Ben Askren
1002,Stevie Ray
1003,Joe Lauzon
1004,Manny Bermudez
1005,Kyle Bochniak
1006,Boston Salmon
1007,Daniel Spitz
1008,James Vick
1009,Thomas Gifford
1010,Hector Aldana
1011,Lauren Mueller
1012,Luke Jumeau
1013,Rostem Akman
1014,Nadia Kassem
1015,Danilo Belluardo
1016,Siyar Bahadurzada
1017,Nohelin Hernandez
1018,Martin Bravo
1019,Carlos Huachin
1020,Polo Reyes
1021,Sergio Pettis
1022,Marcos Mariano
1023,Todd Duffee
1024,Ryan MacDonald
1025,Kyle Prepolec
1026,Mairbek Taisumov
1027,Teemu Packalen
1028,Nordine Taleb
1029,Don Madge
1030,Derrick Krantz
1031,Yanan Wu
1032,Jun Yong Park
1033,Andre Soukhamthath
1034,Da Un Jung
1035,Jodie Esquibel
1036,Liz Carmouche
1037,Humberto Bandenay
1038,Bobby Moffett
1039,Salim Touahri
1040,Cris Cyborg
1041,Olivier Aubin-Mercier
1042,Yoshinori Horie
1043,Sarah Frota
1044,Erik Koch
1045,Kyle Stewart
1046,Jinsoo Son
1047,Cezar Ferreira
1048,Sheymon Moraes
1049,Nicco Montano
1050,Gilbert Melendez
1051,Dan Moret
1052,Junior Albini
1053,Syuri Kondo
1054,Allen Crowder
1055,Eric Spicely
1056,Nina Ansaroff
1057,Jimi Manuwa
1058,Sung Bin Jo
1059,Tonya Evinger
1060,Nick Hein
1061,Duda Santana
1062,Desmond Green
1063,Patrick Cummins
1064,BJ Penn
1065,Talita Bernardo
1066,Elias Theodorou
1067,Arjan Bhullar
1068,Mitch Gagnon
1069,Dmitrii Smoliakov
1070,John Lineker
1071,Jason Gonzalez
1072,Marcelo Golm
1073,Sultan Aliev
1074,Keita Nakamura
1075,Wilson Reis
1076,Curtis Millender
1077,David Branch
1078,Jessica Aguilar
1079,Ross Pearson
1080,Justin Willis
1081,Jesus Pinedo
1082,Eric Shelton
1083,Jordan Rinaldi
1084,Tim Boetsch
1085,Zak Ottow
1086,Carlo Pedersoli
1087,Cain Velasquez
1088,Myles Jury
1089,Austin Arnett
1090,Teruto Ishihara
1091,Wuliji Buren
1092,David Teymur
1093,Magomed Bibulatov
1094,Dustin Ortiz
1095,Dennis Bermudez
1096,Te Edwards
1097,Chad Mendes
1098,Cat Zingano
1099,Adam Milstead
1100,Chris de la Rocha
1101,Matthew Lopez
1102,Chad Laprise
1103,Mark Hunt
1104,Yushin Okami
1105,Ben Nguyen
1106,Elias Garcia
1107,Mizuto Hirota
1108,Alex Gorgees
1109,Justin Frazier
1110,Bryan Caraway
1111,Rick Glenn
1112,Michel Batista
1113,Darrell Horcher
1114,Ricky Rainey
1115,Rashad Coulter
1116,Ulka Sasaki
1117,Devin Powell
1118,Amanda Cooper
1119,John Gunther
1120,Joseph Morales
1121,Joby Sanchez
1122,Jason Knight
1123,Adam Wieczorek
1124,Artem Lobov
1125,Alex Garcia
1126,Thibault Gouti
1127,Gray Maynard
1128,Ryan LaFlare
1129,Luis Henrique
1130,Thales Leites
1131,Hector Lombard
1132,Alex Chambers
1133,Khalid Murtazaliev
1134,CB Dollaway
1135,Kajan Johnson
1136,Adam Yandiev
1137,Jordan Johnson
1138,Terrion Ware
1139,Craig White
1140,Roberto Sanchez
1141,Jarred Brooks
1142,Jake Ellenberger
1143,John Moraga
1144,Tim Williams
1145,Iuri Alcantara
1146,George Sullivan
1147,Kalindra Faria
1148,Jon Tuck
1149,Demetrious Johnson
1150,Jose Torres
1151,Danielle Taylor
1152,Eddie Alvarez
1153,Jordan Mein
1154,Alvaro Herrera
1155,Vitor Miranda
1156,Jeremy Kimball
1157,Damian Stasiak
1158,Sage Northcutt
1159,Justin Scoggins
1160,Gokhan Saki
1161,Jamie Moyle
1162,Joe Giannetti
1163,Jay Cucciniello
1164,Barb Honchak
1165,Richie Smullen
1166,Allan Zuniga
1167,Tyler Diamond
1168,Matt Bessette
1169,Daichi Abe
1170,Felipe Arantes
1171,Rolando Dy
1172,Shinsho Anzai
1173,Viviane Pereira
1174,Naoki Inoue
1175,Jenel Lausa
1176,Melinda Fabian
1177,CM Punk
1178,Rashad Evans
1179,Mike Santiago
1180,Gleison Tibau
1181,Mads Burnell
1182,Daniel Kelly
1183,Bradley Scott
1184,Diego Rivas
1185,Henry Briones
1186,Felipe Silva
1187,Vitor Belfort
1188,Lyoto Machida
1189,Alberto Mina
1190,James Bochnovic
1191,Luan Chagas
1192,Patrick Williams
1193,Bec Rawlings
1194,Tom Duquesnoy
1195,Oliver Enkamp
1196,Mark Godbeer
1197,Dmitry Sosnovskiy
1198,Mike Pyle
1199,Russell Doane
1200,Albert Morales
1201,Brian Camozzi
1202,Joshua Burkman
1203,Cyril Asker
1204,Damien Brown
1205,Rob Wilkinson
1206,Jeremy Kennedy
1207,Tim Johnson
1208,Maia Stevenson
1209,Joe Soto
1210,Godofredo Pepey
1211,Juliana Lima
1212,Francimar Barroso
1213,Sabah Homasi
1214,Galore Bofando
1215,Abel Trujillo
1216,Oluwale Bamgbose
1217,Erick Silva
1218,Carls John De Tomas
1219,Antonio Braga Neto
1220,Angela Magana
1221,DeAnna Bennett
1222,Christina Marks
1223,Ryan Janes
1224,Karine Gevorgyan
1225,Ariel Beck
1226,Michael Bisping
1227,Wang Guan
1228,Bobby Nash
1229,Kailin Curran
1230,Bharat Kandare
1231,Bojan Velickovic
1232,Ashkan Mokhtarian
1233,Will Brooks
1234,Anthony Hamilton
1235,Nate Marquardt
1236,Michel Quinones
1237,Marcel Fortuna
1238,Georges St-Pierre
1239,Johny Hendricks
1240,Hacran Dias
1241,Christian Colombo
1242,Jonathan Wilson
1243,Marcin Held
1244,Pearl Gonzalez
1245,Marco Beltran
1246,Takanori Gomi
1247,Henrique da Silva
1248,Chanmi Jeon
1249,Hyun Gyu Lim
1250,Zu Anyanwu
1251,Jason Saggo
1252,Mitch Clarke
1253,Adriano Martins
1254,Bojan Mihajlovic
1255,Abdul-Kerim Edilov
1256,Andrew Holbrook
1257,Hector Sandoval
1258,Rafael Natal
1259,Damian Grabowski
1260,Frankie Perez
1261,Chris Wade
1262,James Mulheron
1263,Neil Seery
1264,Charlie Ward
1265,Leslie Smith
1266,Daniel Omielanczuk
1267,Travis Browne
1268,Jesse Taylor
1269,Nick Roehrick
1270,Tom Gallicchio
1271,Joachim Christensen
1272,Dennis Siver
1273,Johnny Case
1274,Josh Stansbury
1275,Dong Hyun Kim
1276,Tarec Saffiedine
1277,Kwan Ho Kwak
1278,Dominique Steele
1279,Kiichi Kunimoto
1280,Jimmy Wallhead
1281,Alex Nicholson
1282,Chris Camozzi
1283,Reza Madadi
1284,Nico Musoke
1285,Michael McBride
1286,Cindy Dandois
1287,Joe Proctor
1288,Roy Nelson
1289,Rashid Magomedov
1290,Augusto Mendes
1291,Nathan Coy
1292,Anthony Johnson
1293,Gegard Mousasi
1294,Patrick Cote
1295,Mike de la Torre
1296,Brad Pickett
1297,Scott Askham
1298,Rony Jason
1299,Garreth McLellan
1300,Sam Sicilia
1301,Alessandro Ricci
1302,Reginaldo Vieira
1303,Phillipe Nover
1304,Roan Carneiro
1305,Michinori Tanaka
1306,Daniel Jolly
1307,JC Cottrell
1308,Viktor Pesta
1309,Jocelyn Jones-Lybarger
1310,Ronda Rousey
1311,Brandon Thatch
1312,Cole Miller
1313,James Moontasri
1314,Takeya Mizugaki
1315,Fredy Serrano
1316,Tim Kennedy
1317,Valerie Letourneau
1318,Zach Makovsky
1319,Sean O'Connell
1320,Joe Gigliotti
1321,Tiago Trator
1322,Keith Berish
1323,Brendan O'Reilly
1324,Elvis Mutapcic
1325,Kyle Noke
1326,Yusuke Kasuya
1327,Seohee Ham
1328,Richard Walsh
1329,Jonathan Meunier
1330,Geane Herrera
1331,Ning Guangyou
1332,Yao Zhikui
1333,Ryan Bader
1334,Manvel Gamburyan
1335,Magnus Cedenblad
1336,Kyoji Horiguchi
1337,Ali Bagautinov
1338,Anna Elmose
1339,Milana Dudieva
1340,Heather Jo Clark
1341,Erik Perez
1342,Erick Montano
1343,Jason Novelli
1344,Chris Avila
1345,Dan Henderson
1346,Albert Tumenov
1347,Lukasz Sajewski
1348,Tamdan McCrory
1349,Cody East
1350,Kelly Faszholz
1351,Antonio Silva
1352,Hector Urbina
1353,Glaico Franca
1354,Kenny Robertson
1355,Maximo Blanco
1356,Augusto Montano
1357,Leonardo Augusto Leleco
1358,Joey Gomez
1359,Caio Magalhaes
1360,Sean Spencer
1361,Josh Barnett
1362,Tae Hyun Bang
1363,Leandro Issa
1364,Leandro Silva
1365,Kevin Casey
1366,Shane Campbell
1367,Rick Story
1368,Elizabeth Phillips
1369,Lorenz Larkin
1370,Alberto Uda
1371,Horacio Gutierrez
1372,Tatsuya Kawajiri
1373,Francisco Rivera
1374,Michael Graves
1375,Cesar Arzamendia
1376,Jim Alers
1377,Michael McDonald
1378,Josh Samman
1379,Cristina Stanciu
1380,Cody Pfister
1381,Brock Lesnar
1382,Enrique Marin
1383,Thiago Tavares
1384,Fernando Bruno
1385,Cory Hendricks
1386,Anton Zafir
1387,Mehdi Baghdad
1388,Dileno Lopes
1389,Jerrod Sanders
1390,Rory MacDonald
1391,Steve Bosse
1392,Chris Beal
1393,Yan Cabral
1394,Dominic Waters
1395,Willie Gates
1396,Chris Kelades
1397,Clint Hester
1398,Efrain Escudero
1399,Gabriel Gonzaga
1400,Igor Pokrajac
1401,Ian Entwistle
1402,Filip Pejic
1403,Rob Whiteford
1404,Lucas Martins
1405,Frank Mir
1406,James Te Huna
1407,Mark Eddiva
1408,Rin Nakai
1409,Viscardi Andrade
1410,Tom Lawlor
1411,Marcelo Guimaraes
1412,Justin Salas
1413,Mike Wilkinson
1414,Chris Dempsey
1415,Yaotzin Meza
1416,Norman Parke
1417,Martin Svensson
1418,Joe Riggs
1419,Daniel Sarafian
1420,Jonavin Webb
1421,Jared Rosholt
1422,Rafael Feijao
1423,KJ Noons
1424,Noad Lahat
1425,Masio Fullen
1426,Matt Dwyer
1427,Levan Makashvili
1428,Felipe Olivieri
1429,Matt Mitrione
1430,Daron Cruickshank
1431,Diego Brandao
1432,Tony Sims
1433,Masanori Kanehara
1434,Sheldon Westcott
1435,Edgar Garcia
1436,Sarah Kaufman
1437,Danny Castillo
1438,Hayder Hassan
1439,Marcio Alexandre Junior
1440,Marcin Wrzosek
1441,Konstantin Erokhin
1442,Mike Pierce
1443,Abner Lloveras
1444,John Howard
1445,Andreas Stahl
1446,Emily Peters Kagan
1447,Benson Henderson
1448,Yoshihiro Akiyama
1449,Dongi Yang
1450,Yui Chul Nam
1451,Leo Kuntz
1452,Scott Jorgensen
1453,Vernon Ramos
1454,Valmir Lazaro
1455,Akbarh Arreola
1456,Anthony Perosh
1457,Richie Vaculik
1458,Danny Martinez
1459,Steve Montgomery
1460,Steve Kennedy
1461,Piotr Hallmann
1462,Fabio Maldonado
1463,Kevin Souza
1464,Gasan Umalatov
1465,Bruno Korea
1466,Paddy Holohan
1467,Jon Delos Reyes
1468,Mickael Lebout
1469,Aisling Daly
1470,Ericka Almeida
1471,Cathal Pendred
1472,Bubba Bush
1473,Shawn Jordan
1474,Ruslan Magomedov
1475,Francisco Trevino
1476,Chris Cariaso
1477,Chico Camus
1478,George Roop
1479,Katsunori Kikuno
1480,Naoyuki Kotani
1481,Roger Zapata
1482,Clay Collard
1483,Ron Stallings
1484,Nazareno Malegarie
1485,Sam Stout
1486,Yves Jabouin
1487,Elias Silverio
1488,Tom Watson
1489,Sirwan Kakai
1490,Roman Salazar
1491,Anthony Christodoulou
1492,Minotauro Nogueira
1493,Soa Palelei
1494,Hugo Viana
1495,Ramsey Nijem
1496,Jessamyn Duke
1497,Ivan Jorge
1498,Pawel Pawlak
1499,Leonardo Mafra
1500,Vaughan Lee
1501,Hans Stringer
1502,Paul Redmond
1503,Marcus Brimage
1504,Josh Thomson
1505,Igor Araujo
1506,Ildemar Alcantara
1507,Andrew Craig
1508,Dan Miller
1509,Darrell Montague
1510,Mike Swick
1511,Yosdenis Cedeno
1512,Eddie Gordon
1513,Joe Merritt
1514,Lewis Gonzalez
1515,Alan Omer
1516,Niklas Backstrom
1517,Antonio Dos Santos
1518,Brian Ebersole
1519,Justin Edwards
1520,Ricardo Abreu
1521,Leonardo Morales
1522,Ryan Jimmo
1523,Wendell Oliveira
1524,Luiz Dutra
1525,Joshua Sampo
1526,Costas Philippou
1527,Mark Munoz
1528,Luke Barnatt
1529,Zhang Lipeng
1530,Royston Wee
1531,Roldan Sangcha-an
1532,Nolan Ticman
1533,Hatsu Hioki
1534,Lisa Ellis
1535,Dylan Andrews
1536,Vik Grujic
1537,Alptekin Ozkilic
1538,Rampage Jackson
1539,David Michaud
1540,Chris Clements
1541,Jessica Rakoczy
1542,Jimy Hettes
1543,Mirko Cro Cop
1544,Seth Baczynski
1545,Izabela Badurek
1546,Marcin Bandel
1547,Rocky Lee
1548,Robert Peralta
1549,Justin Jones
1550,Josh Koscheck
1551,Shayna Baszler
1552,Cain Carrizosa
1553,Jorge de Oliveira
1554,Bentley Syler
1555,Roger Narvaez
1556,Josh Copeland
1557,Jake Lindsey
1558,Larissa Pacheco
1559,Norifumi Yamamoto
1560,Ruan Potts
1561,Alex Torres
1562,William Patolino
1563,Josh Shockley
1564,Patrick Walsh
1565,Rodrigo de Lima
1566,Ian McCall
1567,Richardson Moreira
1568,Andy Enz
1569,Phil Davis
1570,Akira Corassani
1571,Andy Ogle
1572,Stanislav Nedkov
1573,Shane Howell
1574,Matt Van Buren
1575,Tateki Matsuda
1576,Louis Gaudinot
1577,Rodrigo Damm
1578,Mats Nilsson
1579,Alexis Dufresne
1580,Mike Rhodes
1581,Tom Niinimaki
1582,Brendan Schaub
1583,Matt Hobar
1584,Isaac Vallie-Flagg
1585,Yves Edwards
1586,Juan Puig
1587,Chris Heatherly
1588,Humberto Brown
1589,Rodolfo Rubio
1590,Charlie Brenneman
1591,Tim Gorman
1592,Wagner Silva
1593,Vagner Rocha
1594,Guto Inocente
1595,Luke Zachrich
1596,Jumabieke Tuerxun
1597,Fabricio Camoes
1598,Bruno Santos
1599,Anthony Njokuani
1600,Tor Troeng
1601,Ernest Chavez
1602,Amir Sadollah
1603,Takenori Sato
1604,Kazuki Tokudome
1605,Dashon Johnson
1606,Paulo Thiago
1607,Johnny Bedford
1608,Francis Carmont
1609,Jianping Yang
1610,Sai Wang
1611,Danny Mitchell
1612,Roland Delorme
1613,An Ying Wang
1614,Cung Le
1615,Jack May
1616,Kyle Kingsbury
1617,Hernani Perpetuo
1618,Steven Siler
1619,Phil Harris
1620,Mike King
1621,Cody Donovan
1622,Pat Healy
1623,Tina Lahdemaki
1624,Daniel Spohn
1625,Robert Drysdale
1626,Guilherme Vasconcelos
1627,Joe Ellenberger
1628,Colton Smith
1629,Chris Indich
1630,Mike Easton
1631,Jason High
1632,Bobby Voelker
1633,Lance Benoist
1634,Jamie Varner
1635,Chris Holdsworth
1636,Ben Wall
1637,Anthony Lapsley
1638,Estevan Payan
1639,Dustin Kimura
1640,Mark Bocek
1641,Ronny Markes
1642,Thiago Perpetuo
1643,Jake Shields
1644,Renee Forte
1645,Will Campuzano
1646,Bubba McDaniel
1647,Melvin Guillard
1648,Cyrille Diabate
1649,John Hathaway
1650,Ivan Menjivar
1651,Nam Phan
1652,Albert Cheng
1653,TJ Waldburger
1654,Rafaello Oliveira
1655,Cristiano Marcello
1656,Nick Catone
1657,Junior Hernandez
1658,Mike Rio
1659,Brian Houston
1660,Garett Whiteley
1661,Shunichi Shimizu
1662,Will Chope
1663,Quinn Mulhern
1664,Dave Galera
1665,Chris Leben
1666,Mac Danzig
1667,Cody McKenzie
1668,Roger Bowling
1669,Darren Uyenoyama
1670,Pat Barry
1671,Julie Kedzie
1672,Nick Ring
1673,Peggy Morgan
1674,Chael Sonnen
1675,Edwin Figueroa
1676,Jose Maria
1677,Alessio Sakara
1678,Rosi Sexton
1679,Michael Kuiper
1680,George Sotiropoulos
1681,Adlan Amagov
1682,Jeremy Larsen
1683,Dustin Pague
1684,Thiago Silva
1685,Matt Hamill
1686,Joey Beltran
1687,Rousimar Palhares
1688,David Mitchell
1689,Iliarde Santos
1690,Mike Ricci
1691,Nandor Guelmino
1692,Marcos Vinicius
1693,Joao Zeferino
1694,Keith Wisniewski
1695,Yuri Villefort
1696,Brandon Vera
1697,Pascal Krauss
1698,Ryan Couture
1699,Jared Hamman
1700,Brian Melancon
1701,Papy Abedi
1702,James Head
1703,Benny Alloway
1704,Martin Kampmann
1705,Mike Brown
1706,Vinny Magalhaes
1707,Sheila Gaff
1708,Josh Clopton
1709,Ednaldo Oliveira
1710,Bristol Marunde
1711,Aaron Riley
1712,John Albert
1713,Roger Gracie
1714,Dave Herman
1715,Sean Pierson
1716,John Maguire
1717,Eddie Mendez
1718,Karlos Vemola
1719,TJ Grant
1720,Nah-Shon Burrell
1721,Brian Bowles
1722,John Cholish
1723,Roger Hollett
1724,Azamat Gashimov
1725,Alan Belcher
1726,Cheick Kongo
1727,Leonard Garcia
1728,Clifford Starks
1729,Gilbert Smith
1730,Collin Hart
1731,Jimmy Quinlan
1732,Bart Palaszewski
1733,Justin Lawrence
1734,Philip De Fries
1735,Pablo Garza
1736,Adam Cella
1737,Chris Spang
1738,Besam Yousef
1739,Colin Fletcher
1740,Antonio Carvalho
1741,Issei Tamura
1742,Reuben Duran
1743,Wanderlei Silva
1744,Brian Stann
1745,Riki Fukuda
1746,Josh Neer
1747,Lavar Johnson
1748,Anton Kuivanen
1749,Matt Grice
1750,Caros Fodor
1751,Brock Jardine
1752,Jon Manley
1753,Jorge Santiago
1754,Che Mills
1755,Matthew Riddle
1756,Terry Etim
1757,Paul Sass
1758,Josh Grispi
1759,Motonobu Tezuka
1760,Ulysses Gomez
1761,Jon Fitch
1762,Jay Hieron
1763,Jacob Volkmann
1764,Mike Stumpf
1765,Vladimir Matyushenko
1766,Mike Russow
1767,Simeon Thoresen
1768,Milton Vieira
1769,Diego Nunes
1770,Pedro Nobre
1771,Wagner Prado
1772,CJ Keith
1773,Byron Bloodworth
1774,Shane del Rosario
1775,Jonathan Brookins
1776,John Cofer
1777,Jared Papazian
1778,Manuel Rodriguez
1779,Brendan Loughnane
1780,Nick Penner
1781,Henry Martinez
1782,Marcus LeVesseur
1783,Mark Hominick
1784,Chad Griggs
1785,Rich Franklin
1786,Tiequan Zhang
1787,Jeff Hougland
1788,Yasuhiro Urushitani
1789,Tom DeBlass
1790,Stephan Bonnar
1791,Joey Gambino
1792,Luiz Cane
1793,Aaron Simpson
1794,Carlo Prater
1795,Shane Roller
1796,Dan Hardy
1797,Duane Ludwig
1798,DaMarques Johnson
1799,Jason Young
1800,Walel Watson
1801,Buddy Roberts
1802,Tommy Hayden
1803,Ken Stone
1804,Eiji Mitsuoka
1805,Oli Thompson
1806,Michihiro Omigawa
1807,Damacio Page
1808,Josh Ferguson
1809,Dan Stittgen
1810,Forrest Griffin
1811,Tito Ortiz
1812,John Alessio
1813,Yoislandy Izquierdo
1814,Anistavio Medeiros
1815,Delson Heleno
1816,John Teixeira
1817,Wagner Campos
1818,Spencer Fisher
1819,Luis Ramos
1820,Ricardo Funch
1821,Carlos Eduardo Rocha
1822,Bernardo Magalhaes
1823,Jake Hecht
1824,Pat Schilling
1825,Chris Tickle
1826,Chris Saunders
1827,Jason Miller
1828,Jorge Lopez
1829,Jason MacDonald
1830,Kamal Shalorus
1831,Jeff Curran
1832,Alex Soto
1833,Nick Denis
1834,Mike Massenzio
1835,Miguel Torres
1836,Eddie Yagin
1837,Eric Wisely
1838,Aaron Rosa
1839,Mackens Semerzier
1840,Steve Cantwell
1841,Chris Cope
1842,Jon Olav Einemo
1843,Christian Morecraft
1844,Jorge Rivera
1845,Eric Schafer
1846,Daniel Roberts
1847,Joseph Sandoval
1848,Junior Assuncao
1849,Claude Patrick
1850,Krzysztof Soszynski
1851,Dennis Hallman
1852,Rich Attonito
1853,Stephen Bass
1854,Dustin Neace
1855,Jason Brilz
1856,Nick Pace
1857,Shamar Bailey
1858,Clay Harvison
1859,Cole Escovedo
1860,Paul Bradley
1861,Matt Lucas
1862,Edward Faaloloto
1863,Rob Broughton
1864,Tyson Griffin
1865,Eliot Marshall
1866,Danny Downes
1867,Kenny Florian
1868,Matt Hughes
1869,Ricardo Romero
1870,Donny Walker
1871,Mike Lullo
1872,Ian Loveland
1873,Chris Lytle
1874,TJ O'Brien
1875,Jason Reinhardt
1876,Andre Winner
1877,Joe Stevenson
1878,Javier Vazquez
1879,Curt Warburton
1880,Shane Carwin
1881,Jesse Bongfeldt
1882,Tim Credeur
1883,Chuck O'Neil
1884,Ryan McGillivray
1885,Kendall Grove
1886,Randy Couture
1887,Charlie Valencia
1888,Ryan Jensen
1889,Kyle Watson
1890,Jon Madsen
1891,Kris McCray
1892,Sean McCorkle
1893,Mario Miranda
1894,Waylon Lowe
1895,Ricardo Almeida
1896,Kurt Pellegrino
1897,Rob Kimmons
1898,Todd Brown
1899,Tom Blackledge
1900,Chris Tuchscherer
1901,Maciej Jewtuszko
1902,Antonio Banuelos
1903,Paul Kelly
1904,Paul Taylor
1905,Gabe Ruediger
1906,Tim Hague
1907,Mike Guymon
1908,Willamy Freire
1909,Amilcar Alves
1910,Marcus Davis
1911,Phil Baroni
1912,Greg Soto
1913,Antonio McKee
1914,Joe Doerksen
1915,Dustin Hazelett
1916,Pat Audinwood
1917,Aaron Wilkinson
1918,Tyler Toner
1919,Sako Chivitchian
1920,Fredson Paixao
1921,Gerald Harris
1922,Maiquel Falcao
1923,Brian Foster
1924,Karo Parisyan
1925,Goran Reljic
1926,Nick Osipczak
1927,Alexandre Ferreira
1928,Mark Scanlon
1929,Seth Petruzelli
1930,Gilbert Yvel
1931,James Wilks
1932,Vinicius Queiroz
1933,Mark Holst
1934,James McSweeney
1935,Matt Serra
1936,Sean Sherk
1937,Steve Lopez
1938,Julio Paulino
1939,John Gunderson
1940,Tomasz Drwal
1941,Forrest Petz
1942,James Toney
1943,John Salter
1944,Rodney Wallace
1945,James Irvin
1946,Steve Steinbeiss
1947,Keith Jardine
1948,Jamie Yager
1949,Josh Bryant
1950,James Hammortree
1951,Chuck Liddell
1952,David Loiseau
1953,Jesse Lennox
1954,Dan Lauzon
1955,Joe Brammer
1956,Jesse Forbes
1957,Paul Daley
1958,Kevin Ferguson
1959,Jonathan Goulet
1960,Yoshiyuki Yoshida
1961,Renzo Gracie
1962,Brad Blackburn
1963,Matt Veach
1964,Mostapha Al-Turk
1965,Nate Quarry
1966,Ronys Torres
1967,Rob Emerson
1968,Caol Uno
1969,Lucio Linhares
1970,Rory Markham
1971,Paul Buentello
1972,Shannon Gugerty
1973,Chase Gormley
1974,Mark Coleman
1975,Frank Trigg
1976,Justin Buchholz
1977,Rolles Gracie
1978,Jay Silva
1979,Kyle Bradley
1980,Wilson Gouveia
1981,Shane Nelson
1982,Kevin Burns
1983,Houston Alexander
1984,Marcus Jones
1985,Darrill Schoonover
1986,Justin Wren
1987,Jake Rosholt
1988,Brock Larson
1989,Jason Dent
1990,Denis Kang
1991,Rolando Delgado
1992,Antoni Hardonk
1993,Razak Al-Hassan
1994,Hermes Franca
1995,Drew McFedries
1996,Roger Huerta
1997,Chris Wilson
1998,Justin McCully
1999,Marcus Aurelio
2000,Dan Cramer
2001,Danillo Villefort
2002,Jake O'Brien
2003,Mike Ciesnolevicz
2004,Frank Lester
2005,Cameron Dollar
2006,Dale Hartt
2007,Denis Stojnic
2008,Xavier Foupa-Pokam
2009,Andre Gusmao
2010,Brandon Wolff
2011,David Kaplan
2012,David Bielkheden
2013,Ryo Chonan
2014,Carmelo Marrero
2015,Junie Browning
2016,Matt Horwich
2017,Jesse Sanders
2018,Nissen Osterneck
2019,Joe Vedepo
2020,Tim McKenzie
2021,Pete Sell
2022,Ryan Madigan
2023,Jason Day
2024,Michael Patt
2025,Brian Cobb
2026,Per Eklund
2027,Neil Grove
2028,Troy Mandaloniz
2029,Luigi Fioravanti
2030,Rich Clementi
2031,Derek Downey
2032,Steve Bruno
2033,Christian Wellisch
2034,Matt Arroyo
2035,Akihiro Gono
2036,Jeremy Horn
2037,Tom Egan
2038,Alexandre Barros
2039,Antonio Mendes
2040,Ivan Serati
2041,Nate Mohr
2042,Dean Lister
2043,Mike Wessel
2044,Reese Andy
2045,Dan Evensen
2046,Shane Primm
2047,Jules Bruchez
2048,John Polakowski
2049,Nate Loughran
2050,Brodie Farber
2051,Johnny Rees
2052,Corey Hill
2053,Eddie Sanchez
2054,Josh Hendricks
2055,Jorge Gurgel
2056,Alvin Robinson
2057,Ryan Thomas
2058,Rameau Thierry Sokoudjou
2059,Neil Wain
2060,Jess Liaudin
2061,David Baron
2062,Samy Schiavo
2063,Brad Morris
2064,Jason Lambert
2065,Heath Herring
2066,Luke Cummo
2067,Cale Yarbrough
2068,James Giboo
2069,Evan Tanner
2070,Dante Rivera
2071,Marvin Eastman
2072,Rob Yundt
2073,Ivan Salaverry
2074,Kazuhiro Nakamura
2075,Jon Koppenhaver
2076,Jason Tan
2077,Travis Lutter
2078,Kalib Starnes
2079,Charles McCarthy
2080,Kuniyoshi Hironaka
2081,Din Thomas
2082,Ryan Roberts
2083,Jeff Cox
2084,Roman Mitichyan
2085,Tommy Speer
2086,John Halverson
2087,Tim Sylvia
2088,David Heath
2089,Terry Martin
2090,Alberto Crane
2091,Joe Veres
2092,Colin Robinson
2093,James Lee
2094,Jordan Radev
2095,Tony DeSouza
2096,Doug Evans
2097,Jared Rollins
2098,Billy Miles
2099,Dan Barrera
2100,Richie Hightower
2101,John Kolosci
2102,Dorian Price
2103,Paul Georgieff
2104,Luke Caudillo
2105,Jason Black
2106,Diego Saraiva
2107,Scott Junk
2108,Edilberto de Oliveira
2109,Anthony Torres
2110,Renato Sobral
2111,Mike Nickels
2112,Jason Gilliam
2113,Jens Pulver
2114,Floyd Sword
2115,Brandon Melendez
2116,Andy Wang
2117,Allen Berube
2118,Brian Geraghty
2119,Hector Ramirez
2120,Rory Singer
2121,Scott Smith
2122,Stevie Lynch
2123,Pete Spratt
2124,Chad Reiner
2125,Sean Salmon
2126,Elvis Sinosic
2127,Assuerio Silva
2128,David Lee
2129,Victor Valimaki
2130,Brad Imes
2131,Josh Haynes
2132,Dokonjonosuke Mishima
2133,Drew Fickett
2134,Rex Holman
2135,Sam Hoger
2136,Chris Price
2137,Ross Pointon
2138,Marcio Cruz
2139,Jeff Joslin
2140,Shonie Carter
2141,Dave Menne
2142,Logan Clark
2143,Steve Byrnes
2144,Jeff Monson
2145,Sherman Pendergarst
2146,Josh Shockman
2147,Edwin DeWees
2148,Jeremy Jackson
2149,Gideon Ray
2150,Justin James
2151,Ken Shamrock
2152,Crafton Wallace
2153,Mario Neto
2154,Danny Abbadi
2155,Rob MacDonald
2156,Wes Combs
2157,Cory Walmsley
2158,Yuki Sasaki
2159,Jason Von Flue
2160,Kristof Midoux
2161,Sammy Morgan
2162,Dan Christison
2163,Joe Jordan
2164,Gilbert Aldana
2165,Branden Lee Hinkle
2166,Kristian Rothaermel
2167,Justin Levens
2168,Solomon Hutcherson
2169,Royce Gracie
2170,Fabiano Scherner
2171,Rick Davis
2172,Nick Thompson
2173,David Terrell
2174,Derrick Noble
2175,Ansar Chalangov
2176,Trevor Prangley
2177,Steve Vigneault
2178,Tom Murphy
2179,Icho Larenas
2180,Justin Eilers
2181,Mike van Arsdale
2182,Mike Whitehead
2183,Alex Karalexis
2184,Kevin Jordan
2185,Jeff Newton
2186,Kit Cope
2187,Kerry Schall
2188,Sean Gannon
2189,Keigo Kunihara
2190,Ron Faircloth
2191,Tra Telligman
2192,Brian Gassaway
2193,Matt Lindland
2194,Bill Mahood
2195,Koji Oishi
2196,Travis Wiuff
2197,John Marsh
2198,Bobby Southworth
2199,Jason Thacker
2200,Chris Sanford
2201,Lodune Sincaid
2202,Alex Schoenauer
2203,Josh Rafferty
2204,Mike Kyle
2205,Renato Verissimo
2206,Tony Fryklund
2207,Vernon White
2208,Ronald Jhun
2209,Kimo Leopoldo
2210,Curtis Stout
2211,Tiki Ghosn
2212,Wesley Correira
2213,Wes Sims
2214,Jonathan Wiezorek
2215,Wade Shipp
2216,Genki Sudo
2217,Carlos Newton
2218,Lee Murray
2219,Falaniko Vitale
2220,David Abbott
2221,Pedro Rizzo
2222,Ricco Rodriguez
2223,Keith Rockel
2224,Chris Liguori
2225,Nick Agallar
2226,Gan McGee
2227,Dave Strasser
2228,Gerald Strebendt
2229,Ian Freeman
2230,Eddie Ruiz
2231,Romie Aram
2232,Sean Alvarez
2233,Richard Crunkilton
2234,Mark Weir
2235,Alexandre Dantas
2236,Gil Castillo
2237,Phillip Miller
2238,Benji Radach
2239,Eugene Jackson
2240,Leigh Remedios
2241,James Zikic
2242,Chris Haseman
2243,Nick Serra
2244,Zach Light
2245,Steve Berger
2246,Rodrigo Ruas
2247,Joao Pierini
2248,Murilo Bustamante
2249,Tsuyoshi Kohsaka
2250,Paul Creighton
2251,Amar Suloev
2252,Andrei Semenov
2253,Pat Miletich
2254,Pete Williams
2255,Kelly Dullanty
2256,Jutaro Nakao
2257,Hayato Sakurai
2258,Kevin Randleman
2259,Chris Brennan
2260,Bobby Hoffman
2261,Homer Moore
2262,Roberto Traven
2263,Fabiano Iha
2264,Semmy Schilt
2265,Yuki Kondo
2266,Paul Rodriguez
2267,Joey Gilbert
2268,Phil Johns
2269,Mark Robinson
2270,Kenichi Yamamoto
2271,Yoji Anjo
2272,Daiju Takase
2273,Lance Gibson
2274,Maurice Smith
2275,Aaron Brink
2276,John Lewis
2277,Mark Hughes
2278,Alex Stiebling
2279,Ben Earwood
2280,Dan Severn
2281,Laverne Clark
2282,Tedd Williams
2283,Tim Lajcik
2284,Brad Gumm
2285,CJ Fernandes
2286,Tyrone Roberts
2287,David Dodd
2288,Amaury Bitetti
2289,Alex Andrade
2290,Marcelo Aguiar
2291,Joao Roque
2292,Nate Schroeder
2293,Adrian Serrano
2294,Sanae Kikuta
2295,Ron Waterman
2296,Satoshi Honma
2297,Ikuhisa Minowa
2298,Joe Slick
2299,Steve Judson
2300,Jermaine Andre
2301,Bob Cook
2302,David Velasquez
2303,Scott Adams
2304,Katsuhisa Fujii
2305,Jason DeLucia
2306,Keiichiro Yamamiya
2307,Masutatsu Yano
2308,Jason Godsey
2309,Brad Kohler
2310,Paul Jones
2311,Valeri Ignatov
2312,Lowell Anderson
2313,Alfonso Alcarez
2314,Frank Shamrock
2315,Marco Ruas
2316,Andre Pederneiras
2317,Flavio Luiz Moura
2318,Royce Alger
2319,Andre Roberts
2320,Travis Fulton
2321,Bas Rutten
2322,Tony Petarra
2323,Marcelo Mello
2324,David Roberts
2325,Chris Condo
2326,Guy Mezger
2327,Gary Goodridge
2328,Sione Latu
2329,Joey Roberts
2330,Jorge Patino
2331,Jerry Bohlander
2332,Mikey Burnett
2333,Townsend Saunders
2334,Darrel Gholar
2335,Frank Caracci
2336,John Lober
2337,Ebenezer Fontes Braga
2338,Tulio Palhares
2339,Adriano Santos
2340,Hugo Duarte
2341,Joe Pardo
2342,Bob Gilstrap
2343,Allan Goes
2344,Noe Hernandez
2345,Igor Zinoviev
2346,Kevin Jackson
2347,Eugenio Tadeu
2348,Kazushi Sakuraba
2349,Marcus Silveira
2350,Joe Charles
2351,Mark Kerr
2352,Dwayne Cason
2353,Dave Beneteau
2354,Carlos Barreto
2355,Greg Stott
2356,Houston Dorr
2357,Alex Hunter
2358,Harry Moskowitz
2359,Dan Bobish
2360,Brian Johnston
2361,Moti Horenstein
2362,Todd Butler
2363,Joe Moreira
2364,Yuri Vaulin
2365,Sam Fulton
2366,Donnie Chappell
2367,Steven Graham
2368,Tony Halme
2369,Dmitri Stepanov
2370,Enson Inoue
2371,Christophe Leninger
2372,Jack Nilson
2373,Saeed Hosseini
2374,Wes Albritton
2375,Scott Ferrozzo
2376,Nick Sanzo
2377,Jim Mullen
2378,Yoshiki Takahashi
2379,Wallid Ismail
2380,Rainy Martinez
2381,Don Frye
2382,Steve Nelmark
2383,Mark Hall
2384,Paul Varelans
2385,Cal Worsham
2386,Fabio Gurgel
2387,Sam Adkins
2388,Reza Nasri
2389,Julian Sanchez
2390,John Campetella
2391,Scott Fiedler
2392,Geza Kalman
2393,Dieusel Berto
2394,Koji Kitao
2395,Mark Schultz
2396,Rafael Carino
2397,Matt Andersen
2398,Zane Frazier
2399,Tai Bowden
2400,Paul Herrera
2401,Thomas Ramirez
2402,Oleg Taktarov
2403,Keith Hackney
2404,Steve Jennum
2405,Remco Pardoel
2406,Larry Cureton
2407,Ryan Parker
2408,Harold Howard
2409,Gerry Harris
2410,Scott Bessac
2411,David Hood
2412,Anthony Macias
2413,Patrick Smith
2414,Rudyard Moncayo
2415,John Matua
2416,Todd Medina
2417,Ernie Verdicia
2418,Jon Hess
2419,Andy Anderson
2420,Asbel Cancio
2421,John Dowdy
2422,Marcus Bossett
2423,Melton Bowen
2424,Joe Son
2425,Ron van Clief
2426,Jason Fairn
2427,Felix Lee Mitchell
2428,Roland Payne
2429,Emmanuel Yarborough
2430,Johnny Rhodes
2431,Orlando Wiet
2432,Fred Ettish
2433,Scott Morris
2434,Minoki Ichihara
2435,Scott Baker
2436,Alberta Cerra Leon
2437,Robert Lucarelli
2438,Frank Hamaker
2439,Thaddeus Luster
2440,David Levicki
2441,Ray Wizard
2442,Sean Daugherty
2443,Gerard Gordeau
2444,Trent Jenkins
2445,Kevin Rosier
2446,Art Jimmerson
2447,Teila Tuli
